Index,都道府県,森林計画区,森林管理署,森林事務所（担当区）
1,北海道,渡島檜山,檜山,-
2,北海道,渡島檜山,檜山,上の国
3,北海道,渡島檜山,檜山,上磯
4,北海道,渡島檜山,檜山,乙部
5,北海道,渡島檜山,檜山,南館
6,北海道,渡島檜山,檜山,厚沢部
7,北海道,渡島檜山,檜山,吉堀
8,北海道,渡島檜山,檜山,大野
9,北海道,渡島檜山,檜山,奥尻
10,北海道,渡島檜山,檜山,奥湯の岱
11,北海道,渡島檜山,檜山,木古内
12,北海道,渡島檜山,檜山,栄浜
13,北海道,渡島檜山,檜山,湯の岱
14,北海道,渡島檜山,檜山,濁川
15,北海道,渡島檜山,檜山,知内
16,北海道,渡島檜山,檜山,碁盤坂
17,北海道,渡島檜山,檜山,茂辺地
18,北海道,渡島檜山,檜山,鶉町
19,北海道,渡島檜山,渡島,-
20,北海道,渡島檜山,渡島,七飯
21,北海道,渡島檜山,渡島,今金
22,北海道,渡島檜山,渡島,八雲
23,北海道,渡島檜山,渡島,国縫
24,北海道,渡島檜山,渡島,大成
25,北海道,渡島檜山,渡島,大関
26,北海道,渡島檜山,渡島,東瀬棚
27,北海道,渡島檜山,渡島,森
28,北海道,渡島檜山,渡島,瀬棚
29,北海道,渡島檜山,渡島,熊石
30,北海道,渡島檜山,渡島,白石
31,北海道,渡島檜山,渡島,美利河
32,北海道,渡島檜山,渡島,若松
33,北海道,渡島檜山,渡島,落部
34,北海道,渡島檜山,渡島,野田生
35,北海道,渡島檜山,渡島,長万部
36,北海道,渡島檜山,渡島,駒ヶ岳
37,北海道,後志胆振,後志,-
38,北海道,後志胆振,後志,伊達
39,北海道,後志胆振,後志,登別
40,北海道,胆振東部,胆振東部,-
41,北海道,胆振東部,胆振東部,樽前
42,北海道,胆振東部,胆振東部,白老
43,北海道,胆振東部,胆振東部,稲里
44,北海道,胆振東部,胆振東部,穂別
45,北海道,胆振東部,胆振東部,竹浦
46,北海道,胆振東部,胆振東部,糸井
47,北海道,胆振東部,胆振東部,苫小牧
48,北海道,日高,日高北部,-
49,北海道,日高,日高北部,仁世宇
50,北海道,日高,日高北部,千呂露
51,北海道,日高,日高北部,千栄
52,北海道,日高,日高北部,宿主別
53,北海道,日高,日高北部,富岡
54,北海道,日高,日高北部,幌尻
55,北海道,日高,日高北部,振内
56,北海道,日高,日高北部,日勝
57,北海道,日高,日高北部,日高
58,北海道,日高,日高北部,貫気別
59,北海道,日高,日高北部,門別
60,北海道,日高,日高南部,-
61,北海道,日高,日高南部,三石
62,北海道,日高,日高南部,奥新冠
63,北海道,日高,日高南部,奥静内
64,北海道,日高,日高南部,御園東
65,北海道,日高,日高南部,御園西
66,北海道,日高,日高南部,春別
67,北海道,日高,日高南部,東川
68,北海道,日高,日高南部,若園
69,北海道,日高,日高南部,西舎
70,北海道,日高,日高南部,野深
71,北海道,石狩空知,北空知支,-
72,北海道,石狩空知,北空知支,幌加内
73,北海道,石狩空知,北空知支,恵岱別
74,北海道,石狩空知,北空知支,恵比島
75,北海道,石狩空知,北空知支,朱鞠内
76,北海道,石狩空知,北空知支,深川
77,北海道,石狩空知,北空知支,鷹泊
78,北海道,石狩空知,石狩,-
79,北海道,石狩空知,石狩,千歳
80,北海道,石狩空知,石狩,厚田
81,北海道,石狩空知,石狩,定山渓
82,北海道,石狩空知,石狩,小樽
83,北海道,石狩空知,石狩,小樽内
84,北海道,石狩空知,石狩,当別
85,北海道,石狩空知,石狩,恵庭
86,北海道,石狩空知,石狩,支笏
87,北海道,石狩空知,石狩,札幌
88,北海道,石狩空知,石狩,毘砂別
89,北海道,石狩空知,石狩,浜益
90,北海道,石狩空知,石狩,白井川
91,北海道,石狩空知,石狩,簾舞
92,北海道,石狩空知,石狩,西定山渓
93,北海道,石狩空知,石狩,野幌
94,北海道,石狩空知,空知,-
95,北海道,石狩空知,空知,万字
96,北海道,石狩空知,空知,前主夕張
97,北海道,石狩空知,空知,南部
98,北海道,石狩空知,空知,咲別
99,北海道,石狩空知,空知,夕張
100,北海道,石狩空知,空知,夕張岳
101,北海道,石狩空知,空知,奥主夕張
102,北海道,石狩空知,空知,岩見沢
103,北海道,石狩空知,空知,幌子
104,北海道,石狩空知,空知,平岸
105,北海道,石狩空知,空知,幾春別
106,北海道,石狩空知,空知,惣芦別
107,北海道,石狩空知,空知,桂沢
108,北海道,石狩空知,空知,沼の沢
109,北海道,石狩空知,空知,由仁
110,北海道,石狩空知,空知,紅葉山
111,北海道,石狩空知,空知,継立
112,北海道,石狩空知,空知,落辺
113,北海道,石狩空知,空知,西芦別
114,北海道,石狩空知,空知,辺渓
115,北海道,石狩空知,空知,野花南
116,北海道,石狩空知,空知,頼城
117,北海道,上川南部,上川中部,-
118,北海道,上川南部,上川中部,上川
119,北海道,上川南部,上川中部,中越
120,北海道,上川南部,上川中部,大函
121,北海道,上川南部,上川中部,層雲峡
122,北海道,上川南部,上川中部,志比内
123,北海道,上川南部,上川中部,愛別
124,北海道,上川南部,上川中部,旭川
125,北海道,上川南部,上川中部,朗根内
126,北海道,上川南部,上川中部,清川
127,北海道,上川南部,上川中部,石狩
128,北海道,上川南部,上川中部,神居古潭
129,北海道,上川南部,上川中部,美瑛
130,北海道,上川南部,上川中部,茅刈別
131,北海道,上川南部,上川中部,西神楽
132,北海道,上川南部,上川南部,-
133,北海道,上川南部,上川南部,トマム
134,北海道,上川南部,上川南部,上富良野
135,北海道,上川南部,上川南部,仁々宇
136,北海道,上川南部,上川南部,占冠
137,北海道,上川南部,上川南部,双珠別
138,北海道,上川南部,上川南部,奥落合
139,北海道,上川南部,上川南部,富良野
140,北海道,上川南部,上川南部,山部
141,北海道,上川南部,上川南部,幾寅
142,北海道,上川南部,上川南部,落合
143,北海道,上川南部,上川南部,金山
144,北海道,上川北部,上川北部,-
145,北海道,上川北部,上川北部,一ノ橋
146,北海道,上川北部,上川北部,上士別
147,北海道,上川北部,上川北部,中天塩
148,北海道,上川北部,上川北部,似峡
149,北海道,上川北部,上川北部,佐久
150,北海道,上川北部,上川北部,共和
151,北海道,上川北部,上川北部,前珊瑠
152,北海道,上川北部,上川北部,和寒
153,北海道,上川北部,上川北部,士別
154,北海道,上川北部,上川北部,大和
155,北海道,上川北部,上川北部,天塩岳
156,北海道,上川北部,上川北部,奥名寄
157,北海道,上川北部,上川北部,奥板谷
158,北海道,上川北部,上川北部,奥珊瑠
159,北海道,上川北部,上川北部,岩尾内
160,北海道,上川北部,上川北部,朝日
161,北海道,上川北部,上川北部,然別
162,北海道,上川北部,上川北部,班渓
163,北海道,上川北部,上川北部,風連
164,北海道,留萌,留萌北部,-
165,北海道,留萌,留萌北部,初山別
166,北海道,留萌,留萌北部,天塩
167,北海道,留萌,留萌北部,奥羽幌
168,北海道,留萌,留萌北部,東遠別
169,北海道,留萌,留萌北部,築別
170,北海道,留萌,留萌北部,羽幌
171,北海道,留萌,留萌北部,西遠別
172,北海道,留萌,留萌北部,遠別
173,北海道,留萌,留萌南部,-
174,北海道,留萌,留萌南部,三渓
175,北海道,留萌,留萌南部,古丹別
176,北海道,留萌,留萌南部,増毛
177,北海道,留萌,留萌南部,奥古丹
178,北海道,留萌,留萌南部,川上
179,北海道,留萌,留萌南部,幌糠
180,北海道,留萌,留萌南部,滝下
181,北海道,留萌,留萌南部,西幌糠
182,北海道,留萌,留萌南部,達布
183,北海道,宗谷,宗谷,-
184,北海道,宗谷,宗谷,下頓別
185,北海道,宗谷,宗谷,中頓別
186,北海道,宗谷,宗谷,利尻
187,北海道,宗谷,宗谷,小頓別
188,北海道,宗谷,宗谷,志美宇丹
189,北海道,宗谷,宗谷,曲淵
190,北海道,宗谷,宗谷,枝幸
191,北海道,宗谷,宗谷,歌登
192,北海道,宗谷,宗谷,浜頓別
193,北海道,宗谷,宗谷,知来別
194,北海道,宗谷,宗谷,礼文
195,北海道,宗谷,宗谷,稚内
196,北海道,宗谷,宗谷,豊富
197,北海道,宗谷,宗谷,音標
198,北海道,宗谷,宗谷,鬼志別
199,北海道,網走西部,網走西部,-
200,北海道,網走西部,網走西部,上丸瀬布
201,北海道,網走西部,網走西部,上白滝
202,北海道,網走西部,網走西部,丸瀬布
203,北海道,網走西部,網走西部,安国
204,北海道,網走西部,網走西部,支湧別
205,北海道,網走西部,網走西部,武利
206,北海道,網走西部,網走西部,滝
207,北海道,網走西部,網走西部,瀬戸瀬
208,北海道,網走西部,網走西部,生田原第一
209,北海道,網走西部,網走西部,生田原第二
210,北海道,網走西部,網走西部,白滝
211,北海道,網走西部,網走西部,芭露
212,北海道,網走西部,網走西部,金山
213,北海道,網走西部,西紋別支,上渚滑
214,北海道,網走西部,西紋別支,北雄
215,北海道,網走西部,西紋別支,奥札久留
216,北海道,網走西部,西紋別支,札久留
217,北海道,網走西部,西紋別支,滝西
218,北海道,網走西部,西紋別支,立牛
219,北海道,網走西部,西紋別支,紋別
220,北海道,網走西部,西紋別支,美多良
221,北海道,網走西部,西紋別支,雄柏
222,北海道,網走東部,網走中部,-
223,北海道,網走東部,網走中部,佐呂間
224,北海道,網走東部,網走中部,勝山
225,北海道,網走東部,網走中部,北見
226,北海道,網走東部,網走中部,厚和
227,北海道,網走東部,網走中部,富士見
228,北海道,網走東部,網走中部,常元
229,北海道,網走東部,網走中部,常呂
230,北海道,網走東部,網走中部,日吉
231,北海道,網走東部,網走中部,旭
232,北海道,網走東部,網走中部,温根湯
233,北海道,網走東部,網走中部,瑞穂
234,北海道,網走東部,網走中部,留辺蘂
235,北海道,網走東部,網走中部,端野
236,北海道,網走東部,網走中部,置戸
237,北海道,網走東部,網走中部,若佐
238,北海道,網走東部,網走南部,-
239,北海道,網走東部,網走南部,ウトロ
240,北海道,網走東部,網走南部,小清水
241,北海道,網走東部,網走南部,峰浜
242,北海道,網走東部,網走南部,川本
243,北海道,網走東部,網走南部,斜里
244,北海道,網走東部,網走南部,本岐
245,北海道,網走東部,網走南部,東藻琴
246,北海道,網走東部,網走南部,津別
247,北海道,網走東部,網走南部,清里
248,北海道,網走東部,網走南部,相生
249,北海道,網走東部,網走南部,砥草原
250,北海道,網走東部,網走南部,網走
251,北海道,網走東部,網走南部,緑
252,北海道,網走東部,網走南部,美幌
253,北海道,網走東部,網走南部,里美
254,北海道,網走東部,網走南部,青葉
255,北海道,釧路根室,根釧東部,-
256,北海道,釧路根室,根釧東部,別海
257,北海道,釧路根室,根釧東部,厚床
258,北海道,釧路根室,根釧東部,峰浜
259,北海道,釧路根室,根釧東部,川北
260,北海道,釧路根室,根釧東部,羅臼
261,北海道,釧路根室,根釧東部,落石
262,北海道,釧路根室,根釧東部,西春別
263,北海道,釧路根室,根釧東部,開陽
264,北海道,釧路根室,根釧東部,養老牛
265,北海道,釧路根室,根釧西部,-
266,北海道,釧路根室,根釧西部,上尾幌
267,北海道,釧路根室,根釧西部,右股
268,北海道,釧路根室,根釧西部,屈斜路
269,北海道,釧路根室,根釧西部,川湯
270,北海道,釧路根室,根釧西部,庶路
271,北海道,釧路根室,根釧西部,弟子屈
272,北海道,釧路根室,根釧西部,御卒別
273,北海道,釧路根室,根釧西部,標茶
274,北海道,釧路根室,根釧西部,滝の上第二
275,北海道,釧路根室,根釧西部,白糠
276,北海道,釧路根室,根釧西部,真竜
277,北海道,釧路根室,根釧西部,美留和
278,北海道,釧路根室,根釧西部,釧路
279,北海道,釧路根室,根釧西部,阿寒湖畔
280,北海道,釧路根室,根釧西部,雄別
281,北海道,釧路根室,根釧西部,飽別
282,北海道,釧路根室,根釧西部,鶴居
283,北海道,十勝,十勝東部,-
284,北海道,十勝,十勝東部,上足寄
285,北海道,十勝,十勝東部,勲禰別
286,北海道,十勝,十勝東部,喜登牛
287,北海道,十勝,十勝東部,宇遠別
288,北海道,十勝,十勝東部,斗満
289,北海道,十勝,十勝東部,本別
290,北海道,十勝,十勝東部,糠南
291,北海道,十勝,十勝東部,美利別
292,北海道,十勝,十勝東部,芽登
293,北海道,十勝,十勝東部,茂足寄
294,北海道,十勝,十勝東部,螺湾
295,北海道,十勝,十勝東部,足寄
296,北海道,十勝,十勝東部,陸別
297,北海道,十勝,十勝東部,鳥取
298,北海道,十勝,十勝東部,鳥取第二
299,北海道,十勝,十勝東部,鹿山
300,北海道,十勝,十勝西部,-
301,北海道,十勝,十勝西部,上札内
302,北海道,十勝,十勝西部,八千代
303,北海道,十勝,十勝西部,大樹
304,北海道,十勝,十勝西部,尾田第一
305,北海道,十勝,十勝西部,尾田第二
306,北海道,十勝,十勝西部,広尾
307,北海道,十勝,十勝西部,清水
308,北海道,十勝,十勝西部,芽室
309,北海道,十勝,十勝西部,豊似
310,北海道,十勝,十勝西部,野塚
311,北海道,十勝,東大雪支,-
312,北海道,十勝,東大雪支,トムラウシ
313,北海道,十勝,東大雪支,ニペソツ
314,北海道,十勝,東大雪支,三股
315,北海道,十勝,東大雪支,上士幌
316,北海道,十勝,東大雪支,屈足
317,北海道,十勝,東大雪支,岩松
318,北海道,十勝,東大雪支,幌加
319,北海道,十勝,東大雪支,新得
320,北海道,十勝,東大雪支,瓜幕
321,北海道,十勝,東大雪支,糠平
322,北海道,十勝,東大雪支,鹿追
323,青森県,津軽,津軽,-
324,青森県,津軽,津軽,久吉
325,青森県,津軽,津軽,南深浦
326,青森県,津軽,津軽,大戸瀬
327,青森県,津軽,津軽,大間越
328,青森県,津軽,津軽,大鰐
329,青森県,津軽,津軽,岩崎
330,青森県,津軽,津軽,岩木
331,青森県,津軽,津軽,深浦
332,青森県,津軽,津軽,田代
333,青森県,津軽,津軽,相馬
334,青森県,津軽,津軽,砂子瀬
335,青森県,津軽,津軽,碇ヶ関
336,青森県,津軽,津軽,芦萢
337,青森県,津軽,津軽,葛川
338,青森県,津軽,津軽,鰺ヶ沢
339,青森県,津軽,津軽,黒石
340,青森県,津軽,金木支,-
341,青森県,津軽,金木支,中里
342,青森県,津軽,金木支,今泉
343,青森県,津軽,金木支,喜良市
344,青森県,津軽,金木支,太田
345,青森県,津軽,金木支,小泊
346,青森県,津軽,金木支,市浦
347,青森県,津軽,金木支,薄市
348,青森県,津軽,金木支,金木
349,青森県,津軽,金木支,飯詰
350,青森県,東青,青森,-
351,青森県,東青,青森,三厩
352,青森県,東青,青森,今別
353,青森県,東青,青森,八甲田
354,青森県,東青,青森,内真部
355,青森県,東青,青森,北八甲田
356,青森県,東青,青森,大川平
357,青森県,東青,青森,大平
358,青森県,東青,青森,宮田
359,青森県,東青,青森,平内
360,青森県,東青,青森,広瀬後潟
361,青森県,東青,青森,蟹田
362,青森県,東青,青森,龍飛
363,青森県,下北,下北,-
364,青森県,下北,下北,佐井
365,青森県,下北,下北,出戸
366,青森県,下北,下北,大畑
367,青森県,下北,下北,大間
368,青森県,下北,下北,宿野部
369,青森県,下北,下北,易国間
370,青森県,下北,下北,東川内
371,青森県,下北,下北,東通
372,青森県,下北,下北,湯の川
373,青森県,下北,下北,牛滝
374,青森県,下北,下北,田名部
375,青森県,下北,下北,老部
376,青森県,下北,下北,脇野沢
377,青森県,下北,下北,薬研
378,青森県,下北,下北,蛎崎
379,青森県,下北,下北,西川内
380,青森県,下北,下北,赤滝
381,青森県,三八上北,三八上北,-
382,青森県,三八上北,三八上北,七戸
383,青森県,三八上北,三八上北,乙供
384,青森県,三八上北,三八上北,八渓山
385,青森県,三八上北,三八上北,六ヶ所
386,青森県,三八上北,三八上北,北坪川
387,青森県,三八上北,三八上北,十和田
388,青森県,三八上北,三八上北,奥瀬
389,青森県,三八上北,三八上北,室ノ久保
390,青森県,三八上北,三八上北,戸来
391,青森県,三八上北,三八上北,横沢
392,青森県,三八上北,三八上北,横浜
393,青森県,三八上北,三八上北,法量
394,青森県,三八上北,三八上北,猿辺
395,青森県,三八上北,三八上北,田子
396,青森県,三八上北,三八上北,野辺地
397,岩手県,馬淵川上流,岩手北部,-
398,岩手県,馬淵川上流,岩手北部,兄畑
399,岩手県,馬淵川上流,岩手北部,小鳥谷
400,岩手県,馬淵川上流,岩手北部,新町
401,岩手県,馬淵川上流,岩手北部,日泥
402,岩手県,馬淵川上流,岩手北部,松尾
403,岩手県,馬淵川上流,岩手北部,浄法寺
404,岩手県,馬淵川上流,岩手北部,田山
405,岩手県,馬淵川上流,岩手北部,西根
406,岩手県,久慈・閉伊川,三陸北部,-
407,岩手県,久慈・閉伊川,三陸北部,宮古
408,岩手県,久慈・閉伊川,三陸北部,山田
409,岩手県,久慈・閉伊川,三陸北部,岩泉
410,岩手県,久慈・閉伊川,三陸北部,川井
411,岩手県,久慈・閉伊川,三陸北部,平津戸
412,岩手県,久慈・閉伊川,三陸北部,松草
413,岩手県,久慈・閉伊川,三陸北部,田野畑
414,岩手県,久慈・閉伊川,三陸北部,豊間根
415,岩手県,久慈・閉伊川,三陸北部,釜津田
416,岩手県,久慈・閉伊川,久慈支,-
417,岩手県,久慈・閉伊川,久慈支,大平
418,岩手県,久慈・閉伊川,久慈支,安家
419,岩手県,久慈・閉伊川,久慈支,山形
420,岩手県,久慈・閉伊川,久慈支,野田
421,岩手県,大槌・気仙川,三陸中部,世田米
422,岩手県,大槌・気仙川,三陸中部,大槌
423,岩手県,大槌・気仙川,三陸中部,栗橋
424,岩手県,大槌・気仙川,三陸中部,釜石
425,岩手県,大槌・気仙川,三陸中部,高田
426,岩手県,北上川上流,盛岡,南畑鶯宿
427,岩手県,北上川上流,盛岡,外山
428,岩手県,北上川上流,盛岡,岩手
429,岩手県,北上川上流,盛岡,御所
430,岩手県,北上川上流,盛岡,御明神
431,岩手県,北上川上流,盛岡,盛岡
432,岩手県,北上川上流,盛岡,紫波
433,岩手県,北上川上流,盛岡,雫石
434,岩手県,北上川中流,岩手南部,-
435,岩手県,北上川中流,岩手南部,一関
436,岩手県,北上川中流,岩手南部,仙人
437,岩手県,北上川中流,岩手南部,千厩
438,岩手県,北上川中流,岩手南部,土橋
439,岩手県,北上川中流,岩手南部,川舟
440,岩手県,北上川中流,岩手南部,愛宕
441,岩手県,北上川中流,岩手南部,新町
442,岩手県,北上川中流,岩手南部,横川目
443,岩手県,北上川中流,岩手南部,湯本
444,岩手県,北上川中流,岩手南部,湯田
445,岩手県,北上川中流,岩手南部,煤孫
446,岩手県,北上川中流,岩手南部,石鳥谷
447,岩手県,北上川中流,岩手南部,花巻
448,岩手県,北上川中流,岩手南部,衣川
449,岩手県,北上川中流,岩手南部,金ヶ崎
450,岩手県,北上川中流,岩手南部,須川
451,岩手県,北上川中流,遠野支,-
452,岩手県,北上川中流,遠野支,上郷
453,岩手県,北上川中流,遠野支,土渕
454,岩手県,北上川中流,遠野支,大迫
455,岩手県,北上川中流,遠野支,宮守
456,岩手県,北上川中流,遠野支,達曽部
457,岩手県,北上川中流,遠野支,附馬牛
458,宮城県,宮城北部,宮城北部,中新田
459,宮城県,宮城北部,宮城北部,北鬼首
460,宮城県,宮城北部,宮城北部,南鬼首
461,宮城県,宮城北部,宮城北部,吉田
462,宮城県,宮城北部,宮城北部,宮崎
463,宮城県,宮城北部,宮城北部,戸倉
464,宮城県,宮城北部,宮城北部,松岩
465,宮城県,宮城北部,宮城北部,栗駒
466,宮城県,宮城北部,宮城北部,気仙沼
467,宮城県,宮城北部,宮城北部,石巻
468,宮城県,宮城北部,宮城北部,米川
469,宮城県,宮城北部,宮城北部,花山
470,宮城県,宮城北部,宮城北部,鮎川
471,宮城県,宮城北部,宮城北部,鳴子
472,宮城県,宮城南部,仙台,-
473,宮城県,宮城南部,仙台,七ヶ宿
474,宮城県,宮城南部,仙台,丸森
475,宮城県,宮城南部,仙台,仙台
476,宮城県,宮城南部,仙台,作並
477,宮城県,宮城南部,仙台,川崎
478,宮城県,宮城南部,仙台,根白石
479,宮城県,宮城南部,仙台,白石
480,宮城県,宮城南部,仙台,蔵王
481,秋田県,米代川,上小阿仁支,-
482,秋田県,米代川,上小阿仁支,三里
483,秋田県,米代川,上小阿仁支,中村
484,秋田県,米代川,上小阿仁支,前田
485,秋田県,米代川,上小阿仁支,南沢
486,秋田県,米代川,上小阿仁支,小沢田
487,秋田県,米代川,上小阿仁支,平田
488,秋田県,米代川,上小阿仁支,比立内
489,秋田県,米代川,上小阿仁支,湯の岱
490,秋田県,米代川,上小阿仁支,笑内
491,秋田県,米代川,上小阿仁支,羽根山
492,秋田県,米代川,上小阿仁支,萩形
493,秋田県,米代川,米代東部,-
494,秋田県,米代川,米代東部,七日市
495,秋田県,米代川,米代東部,中滝
496,秋田県,米代川,米代東部,八幡平
497,秋田県,米代川,米代東部,大湯
498,秋田県,米代川,米代東部,小坂
499,秋田県,米代川,米代東部,岩野目
500,秋田県,米代川,米代東部,房田東
501,秋田県,米代川,米代東部,房田西
502,秋田県,米代川,米代東部,柴内
503,秋田県,米代川,米代東部,止滝
504,秋田県,米代川,米代東部,濁川
505,秋田県,米代川,米代東部,矢立
506,秋田県,米代川,米代東部,羽立
507,秋田県,米代川,米代東部,花輪
508,秋田県,米代川,米代東部,越山
509,秋田県,米代川,米代東部,長木
510,秋田県,米代川,米代東部,高岨
511,秋田県,米代川,米代東部,鷹巣
512,秋田県,米代川,米代西部,-
513,秋田県,米代川,米代西部,上岩川
514,秋田県,米代川,米代西部,二ツ井
515,秋田県,米代川,米代西部,仁鮒
516,秋田県,米代川,米代西部,恋地
517,秋田県,米代川,米代西部,杉沢
518,秋田県,米代川,米代西部,田代
519,秋田県,米代川,米代西部,男鹿
520,秋田県,米代川,米代西部,真名子
521,秋田県,米代川,米代西部,粕毛
522,秋田県,米代川,米代西部,能代
523,秋田県,米代川,米代西部,藤琴
524,秋田県,雄物川,湯沢支,-
525,秋田県,雄物川,湯沢支,増田
526,秋田県,雄物川,湯沢支,椿川
527,秋田県,雄物川,湯沢支,湯沢
528,秋田県,雄物川,湯沢支,皆瀬
529,秋田県,雄物川,湯沢支,雄勝
530,秋田県,雄物川,秋田,-
531,秋田県,雄物川,秋田,仁別
532,秋田県,雄物川,秋田,千屋
533,秋田県,雄物川,秋田,卒田
534,秋田県,雄物川,秋田,吉田
535,秋田県,雄物川,秋田,大曲
536,秋田県,雄物川,秋田,宮田
537,秋田県,雄物川,秋田,岱
538,秋田県,雄物川,秋田,玉川第一
539,秋田県,雄物川,秋田,玉川第二
540,秋田県,雄物川,秋田,生保内
541,秋田県,雄物川,秋田,田沢
542,秋田県,雄物川,秋田,船岡
543,秋田県,雄物川,秋田,角館
544,秋田県,雄物川,秋田,鵜養
545,秋田県,子吉川,由利,-
546,秋田県,子吉川,由利,本荘
547,秋田県,子吉川,由利,矢島
548,秋田県,子吉川,由利,笹子
549,秋田県,子吉川,由利,象潟
550,山形県,庄内,庄内,-
551,山形県,庄内,庄内,八幡
552,山形県,庄内,庄内,大鳥
553,山形県,庄内,庄内,平田
554,山形県,庄内,庄内,温海
555,山形県,庄内,庄内,田麦俣
556,山形県,庄内,庄内,羽黒
557,山形県,庄内,庄内,遊佐
558,山形県,最上村山,山形,-
559,山形県,最上村山,山形,上山
560,山形県,最上村山,山形,中村
561,山形県,最上村山,山形,山寺
562,山形県,最上村山,山形,山形
563,山形県,最上村山,山形,幸生
564,山形県,最上村山,山形,延沢
565,山形県,最上村山,山形,村山
566,山形県,最上村山,山形,東根
567,山形県,最上村山,山形,西五百川
568,山形県,最上村山,山形,貫見
569,山形県,最上村山,最上支,-
570,山形県,最上村山,最上支,及位
571,山形県,最上村山,最上支,名高
572,山形県,最上村山,最上支,向町
573,山形県,最上村山,最上支,大沢
574,山形県,最上村山,最上支,大蔵
575,山形県,最上村山,最上支,志茂
576,山形県,最上村山,最上支,新庄
577,山形県,最上村山,最上支,本郷
578,山形県,最上村山,最上支,舟形
579,山形県,最上村山,最上支,萩野
580,山形県,最上村山,最上支,赤倉
581,山形県,最上村山,最上支,金山
582,山形県,最上村山,最上支,釜渕
583,山形県,最上村山,最上支,鮭川
584,山形県,置賜,置賜,-
585,山形県,置賜,置賜,叶水
586,山形県,置賜,置賜,小国
587,山形県,置賜,置賜,玉川
588,山形県,置賜,置賜,玉庭
589,山形県,置賜,置賜,米沢
590,山形県,置賜,置賜,舟渡
591,山形県,置賜,置賜,長井
592,福島県,磐城,磐城,-
593,福島県,磐城,磐城,三坂
594,福島県,磐城,磐城,中村
595,福島県,磐城,磐城,勿来
596,福島県,磐城,磐城,原町
597,福島県,磐城,磐城,合戸
598,福島県,磐城,磐城,富岡
599,福島県,磐城,磐城,小宮
600,福島県,磐城,磐城,小川
601,福島県,磐城,磐城,川内
602,福島県,磐城,磐城,川前
603,福島県,磐城,磐城,戸渡
604,福島県,磐城,磐城,旅人
605,福島県,磐城,磐城,木戸
606,福島県,磐城,磐城,津島
607,福島県,磐城,磐城,浪江
608,福島県,磐城,磐城,竜田
609,福島県,磐城,磐城,草野
610,福島県,磐城,磐城,葛尾
611,福島県,磐城,磐城,貝泊
612,福島県,磐城,磐城,遠野
613,福島県,磐城,磐城,馬場
614,福島県,磐城,福島,-
615,福島県,阿武隈川,白河支,-
616,福島県,阿武隈川,白河支,大原
617,福島県,阿武隈川,白河支,大屋
618,福島県,阿武隈川,白河支,大平
619,福島県,阿武隈川,白河支,横川
620,福島県,阿武隈川,白河支,蓬田
621,福島県,阿武隈川,白河支,表郷
622,福島県,阿武隈川,白河支,西郷
623,福島県,阿武隈川,白河支,長沼
624,福島県,阿武隈川,福島,-
625,福島県,阿武隈川,福島,上茂庭
626,福島県,阿武隈川,福島,中茂庭
627,福島県,阿武隈川,福島,土湯
628,福島県,阿武隈川,福島,小野町
629,福島県,阿武隈川,福島,川俣
630,福島県,阿武隈川,福島,常葉
631,福島県,阿武隈川,福島,玉ノ井
632,福島県,阿武隈川,福島,福島
633,福島県,阿武隈川,福島,郡山
634,福島県,阿武隈川,福島,都路
635,福島県,会津,会津,-
636,福島県,会津,会津,一ノ木
637,福島県,会津,会津,中ノ沢
638,福島県,会津,会津,喜多方
639,福島県,会津,会津,坂下
640,福島県,会津,会津,大芦
641,福島県,会津,会津,奥川
642,福島県,会津,会津,小野川
643,福島県,会津,会津,川口
644,福島県,会津,会津,昭和
645,福島県,会津,会津,檜原
646,福島県,会津,会津,湊
647,福島県,会津,会津,湯野上
648,福島県,会津,会津,熱塩
649,福島県,会津,会津,猪苗代
650,福島県,会津,会津,田島
651,福島県,会津,南会津支,-
652,福島県,会津,南会津支,伊南
653,福島県,会津,南会津支,只見
654,福島県,会津,南会津支,小林
655,福島県,会津,南会津支,尾瀬
656,福島県,会津,南会津支,檜枝岐
657,福島県,会津,南会津支,湯ノ花
658,福島県,奥久慈,棚倉,久慈川
659,福島県,奥久慈,棚倉,戸中
660,福島県,奥久慈,棚倉,東舘
661,福島県,奥久慈,棚倉,笹原
662,福島県,奥久慈,棚倉,高城
663,福島県,奥久慈,棚倉,鮫川
664,茨城県,八溝多賀,茨城,-
665,茨城県,八溝多賀,茨城,上君田
666,茨城県,八溝多賀,茨城,中戸川
667,茨城県,八溝多賀,茨城,久米
668,茨城県,八溝多賀,茨城,八溝
669,茨城県,八溝多賀,茨城,十王
670,茨城県,八溝多賀,茨城,大子
671,茨城県,八溝多賀,茨城,天下野
672,茨城県,八溝多賀,茨城,幡
673,茨城県,八溝多賀,茨城,徳田
674,茨城県,八溝多賀,茨城,折橋
675,茨城県,八溝多賀,茨城,日立
676,茨城県,八溝多賀,茨城,石塚
677,茨城県,八溝多賀,茨城,磯原
678,茨城県,八溝多賀,茨城,花園
679,茨城県,八溝多賀,茨城,高萩
680,茨城県,八溝多賀,茨城,高部
681,茨城県,水戸那珂,茨城,-
682,茨城県,水戸那珂,茨城,七会
683,茨城県,水戸那珂,茨城,幡
684,茨城県,水戸那珂,茨城,石塚
685,茨城県,水戸那珂,茨城,笠間
686,茨城県,霞ヶ浦,茨城,八郷
687,茨城県,霞ヶ浦,茨城,真壁
688,茨城県,霞ヶ浦,茨城,笠間
689,栃木県,那珂川,塩那,-
690,栃木県,那珂川,塩那,中塩原
691,栃木県,那珂川,塩那,伊王野
692,栃木県,那珂川,塩那,塩釜
693,栃木県,那珂川,塩那,玉生
694,栃木県,那珂川,塩那,矢板
695,栃木県,那珂川,塩那,那須
696,栃木県,那珂川,塩那,須賀川
697,栃木県,那珂川,塩那,馬頭
698,栃木県,鬼怒川,日光,-
699,栃木県,鬼怒川,日光,三依
700,栃木県,鬼怒川,日光,奥日光
701,栃木県,鬼怒川,日光,川俣
702,栃木県,鬼怒川,日光,川治
703,栃木県,鬼怒川,日光,日光
704,栃木県,鬼怒川,日光,横川
705,栃木県,鬼怒川,日光,益子
706,栃木県,鬼怒川,日光,神子内
707,栃木県,鬼怒川,日光,藤原
708,栃木県,鬼怒川,日光,餅ヶ瀬
709,栃木県,鬼怒川,日光,黒部
710,栃木県,渡良瀬川,日光,粕尾
711,栃木県,渡良瀬川,日光,餅ヶ瀬
712,群馬県,利根上流,利根沼田,南郷
713,群馬県,利根上流,利根沼田,月夜野
714,群馬県,利根上流,利根沼田,根利
715,群馬県,利根上流,利根沼田,水上
716,群馬県,利根上流,利根沼田,沼田
717,群馬県,利根上流,利根沼田,相俣
718,群馬県,利根上流,利根沼田,花咲
719,群馬県,利根上流,利根沼田,藤原
720,群馬県,利根上流,利根沼田,谷地
721,群馬県,利根上流,利根沼田,追貝
722,群馬県,利根上流,利根沼田,鎌田
723,群馬県,吾妻,吾妻,-
724,群馬県,吾妻,吾妻,三原
725,群馬県,吾妻,吾妻,上沢渡
726,群馬県,吾妻,吾妻,六合
727,群馬県,吾妻,吾妻,四万
728,群馬県,吾妻,吾妻,大前
729,群馬県,吾妻,吾妻,大戸
730,群馬県,吾妻,吾妻,太田
731,群馬県,吾妻,吾妻,草津
732,群馬県,吾妻,吾妻,長野原
733,群馬県,利根下流,群馬,桐生
734,群馬県,利根下流,群馬,水沼
735,群馬県,利根下流,群馬,渋川
736,群馬県,西毛,群馬,万場
737,群馬県,西毛,群馬,下仁田
738,群馬県,西毛,群馬,倉渕
739,群馬県,西毛,群馬,松井田
740,群馬県,西毛,群馬,楢原
741,群馬県,西毛,群馬,磐戸
742,群馬県,西毛,群馬,細野
743,埼玉県,埼玉,埼玉事,-
744,埼玉県,埼玉,埼玉事,大滝
745,埼玉県,埼玉,埼玉事,秩父
746,埼玉県,埼玉,埼玉事,荒川
747,千葉県,千葉北部,千葉事,-
748,千葉県,千葉北部,千葉事,上総
749,千葉県,千葉北部,千葉事,上野
750,千葉県,千葉南部,千葉事,-
751,千葉県,千葉南部,千葉事,上総
752,千葉県,千葉南部,千葉事,上野
753,千葉県,千葉南部,千葉事,大多喜
754,千葉県,千葉南部,千葉事,湊
755,東京都,多摩,東京神奈川,高尾
756,東京都,伊豆諸島,東京神奈川,箱根
757,神奈川県,神奈川,東京神奈川,-
758,神奈川県,神奈川,東京神奈川,世附
759,神奈川県,神奈川,東京神奈川,丹沢
760,神奈川県,神奈川,東京神奈川,津久井
761,神奈川県,神奈川,東京神奈川,箱根
762,新潟県,下越,下越,-
763,新潟県,下越,下越,三川
764,新潟県,下越,下越,中条
765,新潟県,下越,下越,川東
766,新潟県,下越,下越,日出谷
767,新潟県,下越,下越,村杉
768,新潟県,下越,下越,村松
769,新潟県,下越,下越,豊川
770,新潟県,下越,下越,黒川
771,新潟県,下越,村上支,-
772,新潟県,下越,村上支,塩野町
773,新潟県,下越,村上支,女川
774,新潟県,下越,村上支,村上
775,新潟県,下越,村上支,関谷
776,新潟県,下越,村上支,館腰
777,新潟県,中越,中越,-
778,新潟県,中越,中越,三国
779,新潟県,中越,中越,倉俣
780,新潟県,中越,中越,入広瀬
781,新潟県,中越,中越,六日町
782,新潟県,中越,中越,小出
783,新潟県,中越,中越,森町
784,新潟県,中越,中越,湯沢
785,新潟県,中越,村上支,-
786,新潟県,上越,上越,妙高
787,新潟県,上越,上越,糸魚川
788,新潟県,上越,上越,高田
789,新潟県,佐渡,下越,佐和田
790,富山県,神通川,富山,上市
791,富山県,神通川,富山,宇奈月
792,富山県,神通川,富山,神通
793,富山県,神通川,富山,立山
794,富山県,庄川,-,-
795,富山県,庄川,富山,砺波
796,石川県,加賀,石川,大聖寺
797,石川県,加賀,石川,小松
798,石川県,加賀,石川,白峰
799,石川県,加賀,石川,金沢
800,福井県,越前,福井,-
801,福井県,越前,福井,今庄
802,福井県,越前,福井,勝山
803,福井県,越前,福井,和泉
804,福井県,越前,福井,大野
805,福井県,若狭,福井,小浜
806,福井県,若狭,福井,松原
807,山梨県,山梨東部,山梨事,甲府
808,山梨県,富士川上流,山梨事,甲府
809,山梨県,富士川中流,山梨事,-
810,山梨県,富士川中流,山梨事,南部
811,長野県,千曲川下流,北信,-
812,長野県,千曲川下流,北信,戸隠
813,長野県,千曲川下流,北信,木島平
814,長野県,千曲川下流,北信,水内
815,長野県,千曲川下流,北信,野沢
816,長野県,千曲川下流,北信,長野
817,長野県,千曲川下流,北信,黒姫
818,長野県,中部山岳,中信,-
819,長野県,中部山岳,中信,上高地
820,長野県,中部山岳,中信,大野川
821,長野県,中部山岳,中信,奈川
822,長野県,中部山岳,中信,奈良井
823,長野県,中部山岳,中信,小谷
824,長野県,中部山岳,中信,有明
825,長野県,中部山岳,中信,松川
826,長野県,中部山岳,中信,松本
827,長野県,中部山岳,中信,波田
828,長野県,中部山岳,中信,白馬
829,長野県,中部山岳,中信,贄川
830,長野県,中部山岳,中信,鹿島
831,長野県,千曲川上流,東信,-
832,長野県,千曲川上流,東信,佐久
833,長野県,千曲川上流,東信,佐久平
834,長野県,千曲川上流,東信,八ヶ岳
835,長野県,千曲川上流,東信,和田
836,長野県,千曲川上流,東信,大門
837,長野県,千曲川上流,東信,小諸
838,長野県,千曲川上流,東信,川上
839,長野県,千曲川上流,東信,御代田
840,長野県,千曲川上流,東信,東部
841,長野県,千曲川上流,東信,相木
842,長野県,千曲川上流,東信,真田
843,長野県,千曲川上流,東信,軽井沢
844,長野県,千曲川上流,東信,青木
845,長野県,伊那谷,南信,-
846,長野県,伊那谷,南信,上村
847,長野県,伊那谷,南信,下諏訪
848,長野県,伊那谷,南信,伊那
849,長野県,伊那谷,南信,伊那里
850,長野県,伊那谷,南信,和田
851,長野県,伊那谷,南信,大鹿
852,長野県,伊那谷,南信,横川
853,長野県,伊那谷,南信,諏訪南
854,長野県,伊那谷,南信,豊丘
855,長野県,伊那谷,南信,阿智
856,長野県,伊那谷,南信,駒ヶ根
857,長野県,伊那谷,南信,黒河内
858,長野県,木曽谷,南木曽支,-
859,長野県,木曽谷,南木曽支,与川
860,長野県,木曽谷,南木曽支,広瀬
861,長野県,木曽谷,南木曽支,柿其
862,長野県,木曽谷,南木曽支,蘭
863,長野県,木曽谷,南木曽支,阿寺
864,長野県,木曽谷,南木曽支,須原
865,長野県,木曽谷,木曽,-
866,長野県,木曽谷,木曽,三岳
867,長野県,木曽谷,木曽,北小川
868,長野県,木曽谷,木曽,北滝越
869,長野県,木曽谷,木曽,南小川
870,長野県,木曽谷,木曽,南滝越
871,長野県,木曽谷,木曽,木曽福島
872,長野県,木曽谷,木曽,氷ヶ瀬
873,長野県,木曽谷,木曽,瀬戸川
874,長野県,木曽谷,木曽,笹川
875,長野県,木曽谷,木曽,藪原
876,長野県,木曽谷,木曽,開田
877,長野県,木曽谷,木曽,駒ヶ岳
878,岐阜県,宮・庄川,飛騨,-
879,岐阜県,宮・庄川,飛騨,三日町
880,岐阜県,宮・庄川,飛騨,上ヶ洞
881,岐阜県,宮・庄川,飛騨,中洞
882,岐阜県,宮・庄川,飛騨,久々野
883,岐阜県,宮・庄川,飛騨,双六
884,岐阜県,宮・庄川,飛騨,古川
885,岐阜県,宮・庄川,飛騨,夏廐
886,岐阜県,宮・庄川,飛騨,大原
887,岐阜県,宮・庄川,飛騨,大谷
888,岐阜県,宮・庄川,飛騨,宮
889,岐阜県,宮・庄川,飛騨,尾神
890,岐阜県,宮・庄川,飛騨,打保
891,岐阜県,宮・庄川,飛騨,本郷
892,岐阜県,宮・庄川,飛騨,栃尾
893,岐阜県,宮・庄川,飛騨,甲
894,岐阜県,宮・庄川,飛騨,町方
895,岐阜県,宮・庄川,飛騨,白川
896,岐阜県,宮・庄川,飛騨,神岡
897,岐阜県,宮・庄川,飛騨,秋神
898,岐阜県,宮・庄川,飛騨,荘川
899,岐阜県,飛騨川,岐阜,-
900,岐阜県,飛騨川,岐阜,七宗
901,岐阜県,飛騨川,岐阜,下呂
902,岐阜県,飛騨川,岐阜,大洞
903,岐阜県,飛騨川,岐阜,小坂
904,岐阜県,飛騨川,岐阜,小黒川
905,岐阜県,飛騨川,岐阜,椹谷
906,岐阜県,飛騨川,岐阜,濁河
907,岐阜県,飛騨川,岐阜,馬瀬萩原
908,岐阜県,長良川,岐阜,-
909,岐阜県,長良川,岐阜,岐阜
910,岐阜県,長良川,岐阜,白鳥
911,岐阜県,揖斐川,岐阜,-
912,岐阜県,揖斐川,岐阜,揖斐
913,岐阜県,揖斐川,岐阜,樽見
914,岐阜県,木曽川,東濃,-
915,岐阜県,木曽川,東濃,上矢作
916,岐阜県,木曽川,東濃,加子母
917,岐阜県,木曽川,東濃,岩村
918,岐阜県,木曽川,東濃,川上
919,岐阜県,木曽川,東濃,恵那
920,岐阜県,木曽川,東濃,東股
921,岐阜県,木曽川,東濃,神坂
922,岐阜県,木曽川,東濃,西股
923,静岡県,静岡,静岡,-
924,静岡県,静岡,静岡,千頭
925,静岡県,静岡,静岡,南千頭
926,静岡県,静岡,静岡,梅地
927,静岡県,静岡,静岡,西千頭
928,静岡県,静岡,静岡,静岡
929,静岡県,富士,静岡,-
930,静岡県,富士,静岡,上井出
931,静岡県,富士,静岡,小山
932,静岡県,富士,静岡,御殿場
933,静岡県,富士,静岡,沼津
934,静岡県,富士,静岡,表冨士
935,静岡県,伊豆,伊豆,-
936,静岡県,伊豆,伊豆,吉奈
937,静岡県,伊豆,伊豆,大見
938,静岡県,伊豆,伊豆,東伊豆
939,静岡県,伊豆,伊豆,松崎
940,静岡県,伊豆,伊豆,河津
941,静岡県,伊豆,伊豆,熱海
942,静岡県,伊豆,伊豆,狩野
943,静岡県,伊豆,伊豆,猫越
944,静岡県,伊豆,伊豆,筏場
945,静岡県,天竜,天竜,-
946,静岡県,天竜,天竜,三ヶ日
947,静岡県,天竜,天竜,京丸
948,静岡県,天竜,天竜,掛川
949,静岡県,天竜,天竜,気賀
950,静岡県,天竜,天竜,水窪
951,静岡県,天竜,天竜,瀬尻
952,静岡県,天竜,天竜,熊切
953,静岡県,天竜,天竜,門桁
954,愛知県,尾張西三河,愛知事,-
955,愛知県,尾張西三河,愛知事,尾張
956,愛知県,尾張西三河,愛知事,豊橋
957,愛知県,尾張西三河,愛知事,豊田
958,愛知県,東三河,愛知事,田口
959,愛知県,東三河,愛知事,豊橋
960,愛知県,東三河,愛知事,豊邦
961,三重県,伊賀,三重,-
962,三重県,伊賀,三重,阿山
963,三重県,北伊勢,三重,北勢
964,三重県,北伊勢,三重,松阪
965,三重県,北伊勢,三重,阿山
966,三重県,南伊勢,三重,北大杉
967,三重県,南伊勢,三重,南大杉
968,三重県,南伊勢,三重,松阪
969,三重県,尾鷲熊野,三重,-
970,三重県,尾鷲熊野,三重,南大杉
971,三重県,尾鷲熊野,三重,尾鷲
972,三重県,尾鷲熊野,三重,長島
973,三重県,尾鷲熊野,三重,飛鳥
974,滋賀県,湖北,三重,北勢
975,滋賀県,湖北,三重,松阪
976,滋賀県,湖北,三重,阿山
977,滋賀県,湖南,滋賀,八幡
978,滋賀県,湖南,滋賀,大津
979,滋賀県,湖南,滋賀,大滝
980,滋賀県,湖南,滋賀,桐生
981,滋賀県,湖南,滋賀,高島
982,京都府,由良川,京都大阪事,宮津
983,京都府,由良川,京都大阪事,峰山
984,京都府,由良川,京都大阪事,綾部
985,京都府,淀川上流,京都大阪事,上賀茂
986,京都府,淀川上流,京都大阪事,木津
987,京都府,淀川上流,京都大阪事,東山
988,大阪府,大阪,京都大阪事,箕面
989,兵庫県,加古川,兵庫,-
990,兵庫県,加古川,兵庫,加古川
991,兵庫県,加古川,兵庫,洲本
992,兵庫県,加古川,兵庫,神戸
993,兵庫県,加古川,兵庫,篠山
994,兵庫県,揖保川,兵庫,一宮
995,兵庫県,揖保川,兵庫,千種
996,兵庫県,揖保川,兵庫,姫路
997,兵庫県,揖保川,兵庫,山崎
998,兵庫県,揖保川,兵庫,波賀
999,兵庫県,揖保川,兵庫,竜野
1000,兵庫県,円山川,兵庫,和田山
1001,兵庫県,円山川,兵庫,浜坂
1002,奈良県,大和・木津川,奈良事,-
1003,奈良県,大和・木津川,奈良事,吉野
1004,奈良県,大和・木津川,奈良事,郡山
1005,奈良県,北山・十津川,奈良事,-
1006,奈良県,北山・十津川,奈良事,下北山
1007,奈良県,北山・十津川,奈良事,十津川
1008,奈良県,北山・十津川,奈良事,吉野
1009,奈良県,北山・十津川,奈良事,野迫川
1010,奈良県,吉野,奈良事,十津川
1011,奈良県,吉野,奈良事,吉野
1012,和歌山県,紀南,和歌山,新宮
1013,和歌山県,紀南,和歌山,本宮
1014,和歌山県,紀南,和歌山,西牟婁
1015,和歌山県,紀南,和歌山,龍神
1016,和歌山県,紀北,和歌山,岩出
1017,和歌山県,紀北,和歌山,高野
1018,和歌山県,紀中,和歌山,真妻
1019,和歌山県,紀中,和歌山,高野
1020,鳥取県,日野川,鳥取,根雨
1021,鳥取県,日野川,鳥取,淀江
1022,鳥取県,天神川,鳥取,三朝
1023,鳥取県,天神川,鳥取,倉吉
1024,鳥取県,天神川,鳥取,関金
1025,鳥取県,千代川,鳥取,-
1026,鳥取県,千代川,鳥取,丹比
1027,鳥取県,千代川,鳥取,佐治
1028,鳥取県,千代川,鳥取,智頭
1029,鳥取県,千代川,鳥取,若桜
1030,鳥取県,千代川,鳥取,鳥取
1031,島根県,江の川下流,島根,大和
1032,島根県,江の川下流,島根,大田
1033,島根県,江の川下流,島根,川本
1034,島根県,江の川下流,島根,浜田
1035,島根県,江の川下流,島根,邑智
1036,島根県,斐伊川,島根,-
1037,島根県,斐伊川,島根,大田
1038,島根県,斐伊川,島根,木次
1039,島根県,斐伊川,島根,松江
1040,島根県,斐伊川,島根,横田
1041,島根県,高津川,島根,六日市
1042,島根県,高津川,島根,日原
1043,島根県,高津川,島根,柿木
1044,島根県,高津川,島根,益田
1045,岡山県,高梁川下流,岡山,-
1046,岡山県,高梁川下流,岡山,刑部
1047,岡山県,高梁川下流,岡山,岡山
1048,岡山県,高梁川下流,岡山,新見
1049,岡山県,高梁川下流,岡山,新郷
1050,岡山県,高梁川下流,岡山,津賀
1051,岡山県,高梁川下流,岡山,神代
1052,岡山県,高梁川下流,岡山,高梁
1053,岡山県,旭川,岡山,備前
1054,岡山県,旭川,岡山,勝山
1055,岡山県,旭川,岡山,岡山
1056,岡山県,旭川,岡山,川上
1057,岡山県,旭川,岡山,津山
1058,岡山県,旭川,岡山,津賀
1059,岡山県,旭川,岡山,金川
1060,岡山県,旭川,岡山,高梁
1061,岡山県,吉井川,岡山,上斎原
1062,岡山県,吉井川,岡山,備前
1063,岡山県,吉井川,岡山,加茂
1064,岡山県,吉井川,岡山,岡山
1065,岡山県,吉井川,岡山,日本原
1066,岡山県,吉井川,岡山,津山
1067,広島県,高梁川上流,広島北部,-
1068,広島県,高梁川上流,広島北部,三和
1069,広島県,高梁川上流,広島北部,油木
1070,広島県,江の川上流,広島北部,三次
1071,広島県,江の川上流,広島北部,向原
1072,広島県,江の川上流,広島北部,新市
1073,広島県,江の川上流,広島北部,生桑
1074,広島県,江の川上流,広島北部,西城
1075,広島県,太田川,広島,佐伯
1076,広島県,太田川,広島,加計
1077,広島県,太田川,広島,広島
1078,広島県,太田川,広島,湯来
1079,広島県,太田川,広島,熊野
1080,広島県,太田川,広島,西条
1081,広島県,太田川,広島,黒瀬
1082,広島県,瀬戸内,広島,三原
1083,広島県,瀬戸内,広島,上下
1084,広島県,瀬戸内,広島,府中
1085,広島県,瀬戸内,広島,河内
1086,広島県,瀬戸内,広島,熊野
1087,広島県,瀬戸内,広島,福山
1088,広島県,瀬戸内,広島,西条
1089,広島県,瀬戸内,広島,黒瀬
1090,山口県,山口,山口事,徳地
1091,山口県,山口,山口事,西山口
1092,山口県,山口,山口事,阿東
1093,山口県,岩徳,山口事,-
1094,山口県,岩徳,山口事,岩国
1095,山口県,岩徳,山口事,徳地
1096,山口県,豊田,山口事,西山口
1097,山口県,萩,山口事,阿東
1098,徳島県,吉野川,徳島,-
1099,徳島県,吉野川,徳島,小川
1100,徳島県,吉野川,徳島,徳島
1101,徳島県,吉野川,徳島,池田
1102,徳島県,吉野川,徳島,落合
1103,徳島県,那賀・海部川,徳島,-
1104,徳島県,那賀・海部川,徳島,木頭
1105,徳島県,那賀・海部川,徳島,海部
1106,香川県,香川,香川事,-
1107,香川県,香川,香川事,七箇
1108,香川県,香川,香川事,福栄
1109,香川県,香川,香川事,美合
1110,香川県,香川,香川事,高松
1111,愛媛県,今治松山,愛媛,-
1112,愛媛県,今治松山,愛媛,川内
1113,愛媛県,今治松山,愛媛,石鎚
1114,愛媛県,東予,愛媛,土居
1115,愛媛県,東予,愛媛,石鎚
1116,愛媛県,東予,愛媛,西条
1117,愛媛県,肱川,愛媛,-
1118,愛媛県,肱川,愛媛,小田第一
1119,愛媛県,肱川,愛媛,小田第二
1120,愛媛県,中予山岳,愛媛,上浮穴
1121,愛媛県,中予山岳,愛媛,小田第二
1122,愛媛県,中予山岳,愛媛,面河
1123,愛媛県,南予,愛媛,南宇和
1124,愛媛県,南予,愛媛,宇和島
1125,愛媛県,南予,愛媛,津島
1126,愛媛県,南予,愛媛,目黒
1127,高知県,嶺北仁淀,嶺北,-
1128,高知県,嶺北仁淀,嶺北,吾北
1129,高知県,嶺北仁淀,嶺北,土居
1130,高知県,嶺北仁淀,嶺北,大川
1131,高知県,嶺北仁淀,嶺北,大豊
1132,高知県,嶺北仁淀,嶺北,宮ケ平
1133,高知県,嶺北仁淀,嶺北,寺家
1134,高知県,嶺北仁淀,嶺北,寺川
1135,高知県,嶺北仁淀,嶺北,池川
1136,高知県,嶺北仁淀,嶺北,瀬戸
1137,高知県,嶺北仁淀,嶺北,長沢
1138,高知県,四万十川,四万十,-
1139,高知県,四万十川,四万十,三原
1140,高知県,四万十川,四万十,三崎
1141,高知県,四万十川,四万十,下津井
1142,高知県,四万十川,四万十,中村
1143,高知県,四万十川,四万十,中津川
1144,高知県,四万十川,四万十,十和
1145,高知県,四万十川,四万十,大正
1146,高知県,四万十川,四万十,奈路
1147,高知県,四万十川,四万十,川登
1148,高知県,四万十川,四万十,東津野
1149,高知県,四万十川,四万十,梼原
1150,高知県,四万十川,四万十,楠山
1151,高知県,四万十川,四万十,浮鞭
1152,高知県,四万十川,四万十,清水
1153,高知県,四万十川,四万十,窪川
1154,高知県,四万十川,四万十,藤の川
1155,高知県,四万十川,四万十,貝の川
1156,高知県,四万十川,四万十,須崎
1157,高知県,四万十川,四万十,黒尊
1158,高知県,高知,嶺北,-
1159,高知県,高知,嶺北,吾北
1160,高知県,高知,嶺北,土居
1161,高知県,高知,嶺北,大豊
1162,高知県,高知,高知中部,別府
1163,高知県,高知,高知中部,岡の内
1164,高知県,高知,高知中部,猪野々
1165,高知県,安芸,安芸,-
1166,高知県,安芸,安芸,入河内
1167,高知県,安芸,安芸,北川
1168,高知県,安芸,安芸,大井
1169,高知県,安芸,安芸,安倉
1170,高知県,安芸,安芸,安芸
1171,高知県,安芸,安芸,東川
1172,高知県,安芸,安芸,西川
1173,高知県,安芸,安芸,野友
1174,高知県,安芸,安芸,野根
1175,高知県,安芸,安芸,馬路
1176,高知県,安芸,安芸,魚梁瀬
1177,福岡県,遠賀川,福岡,-
1178,福岡県,遠賀川,福岡,中谷
1179,福岡県,遠賀川,福岡,合河
1180,福岡県,遠賀川,福岡,岡垣
1181,福岡県,遠賀川,福岡,彦山
1182,福岡県,遠賀川,福岡,直方
1183,福岡県,遠賀川,福岡,筑穂
1184,福岡県,遠賀川,福岡,若宮
1185,福岡県,福岡,福岡,-
1186,福岡県,福岡,福岡,前原
1187,福岡県,福岡,福岡,太宰府
1188,福岡県,福岡,福岡,新宮
1189,福岡県,福岡,福岡,早良
1190,福岡県,筑後・矢部川,福岡,太宰府
1191,福岡県,筑後・矢部川,福岡,小石原
1192,福岡県,筑後・矢部川,福岡,矢部
1193,福岡県,筑後・矢部川,福岡,秋月
1194,佐賀県,佐賀東部,佐賀,-
1195,佐賀県,佐賀東部,佐賀,三瀬
1196,佐賀県,佐賀東部,佐賀,春日
1197,佐賀県,佐賀東部,佐賀,東脊振
1198,佐賀県,佐賀東部,佐賀,鳥栖
1199,佐賀県,佐賀東部,佐賀,鹿島
1200,佐賀県,佐賀西部,佐賀,伊万里
1201,佐賀県,佐賀西部,佐賀,唐津
1202,長崎県,長崎北部,長崎,世知原
1203,長崎県,長崎北部,長崎,大村
1204,長崎県,長崎南部,長崎,-
1205,長崎県,長崎南部,長崎,大村
1206,長崎県,長崎南部,長崎,島原
1207,長崎県,長崎南部,長崎,瀬戸
1208,長崎県,長崎南部,長崎,西郷
1209,長崎県,長崎南部,長崎,長浦
1210,長崎県,長崎南部,長崎,雲仙千々石
1211,長崎県,五島壱岐,長崎,川原
1212,長崎県,五島壱岐,長崎,福江
1213,長崎県,対馬,長崎,-
1214,長崎県,対馬,長崎,三根
1215,長崎県,対馬,長崎,厳原
1216,長崎県,対馬,長崎,豆酘
1217,熊本県,白川・菊池川,熊本,-
1218,熊本県,白川・菊池川,熊本,内田
1219,熊本県,白川・菊池川,熊本,南阿蘇
1220,熊本県,白川・菊池川,熊本,吉無田
1221,熊本県,白川・菊池川,熊本,深葉
1222,熊本県,白川・菊池川,熊本,熊本
1223,熊本県,白川・菊池川,熊本,砥用
1224,熊本県,白川・菊池川,熊本,菊池
1225,熊本県,白川・菊池川,熊本,迫間
1226,熊本県,緑川,熊本,吉無田
1227,熊本県,緑川,熊本,大矢
1228,熊本県,緑川,熊本,天草
1229,熊本県,緑川,熊本,清和
1230,熊本県,緑川,熊本,矢部内大臣
1231,熊本県,緑川,熊本,砥用
1232,熊本県,球磨川,熊本南部,一勝地
1233,熊本県,球磨川,熊本南部,五家荘
1234,熊本県,球磨川,熊本南部,五木
1235,熊本県,球磨川,熊本南部,八代
1236,熊本県,球磨川,熊本南部,四浦
1237,熊本県,球磨川,熊本南部,坂本
1238,熊本県,球磨川,熊本南部,多良木
1239,熊本県,球磨川,熊本南部,大塚
1240,熊本県,球磨川,熊本南部,大畑
1241,熊本県,球磨川,熊本南部,山江
1242,熊本県,球磨川,熊本南部,柿迫
1243,熊本県,球磨川,熊本南部,水上
1244,熊本県,球磨川,熊本南部,水俣
1245,熊本県,球磨川,熊本南部,河俣
1246,熊本県,球磨川,熊本南部,芦北
1247,熊本県,球磨川,熊本南部,錦
1248,熊本県,天草,熊本,天草
1249,大分県,大分北部,大分西部,別府
1250,大分県,大分北部,大分西部,安心院
1251,大分県,大分北部,大分西部,山国
1252,大分県,大分北部,大分西部,院内
1253,大分県,大分中部,大分,久住
1254,大分県,大分中部,大分,湯布院
1255,大分県,大分中部,大分,白山
1256,大分県,大分中部,大分,竹田
1257,大分県,大分中部,大分,臼杵
1258,大分県,大分中部,大分,野津
1259,大分県,大分南部,大分,-
1260,大分県,大分南部,大分,大原
1261,大分県,大分南部,大分,小野市
1262,大分県,大分南部,大分,山口
1263,大分県,大分南部,大分,直川
1264,大分県,大分南部,大分,藤川内
1265,大分県,大分南部,大分,青山
1266,大分県,大分西部,大分西部,三芳
1267,大分県,大分西部,大分西部,中村
1268,大分県,大分西部,大分西部,中津江
1269,大分県,大分西部,大分西部,安心院
1270,大分県,大分西部,大分西部,小国
1271,大分県,大分西部,大分西部,玖珠
1272,宮崎県,五ヶ瀬川,宮崎北部,八戸
1273,宮崎県,五ヶ瀬川,宮崎北部,北方
1274,宮崎県,五ヶ瀬川,宮崎北部,延岡
1275,宮崎県,五ヶ瀬川,宮崎北部,第１日之影
1276,宮崎県,五ヶ瀬川,宮崎北部,第２日之影
1277,宮崎県,五ヶ瀬川,宮崎北部,高千穂
1278,宮崎県,耳川,宮崎北部,-
1279,宮崎県,耳川,宮崎北部,上椎葉
1280,宮崎県,耳川,宮崎北部,尾前
1281,宮崎県,耳川,宮崎北部,延岡
1282,宮崎県,耳川,宮崎北部,東郷
1283,宮崎県,耳川,宮崎北部,第１日之影
1284,宮崎県,一ツ瀬川,西都児湯,-
1285,宮崎県,一ツ瀬川,西都児湯,三財
1286,宮崎県,一ツ瀬川,西都児湯,九流水
1287,宮崎県,一ツ瀬川,西都児湯,川南
1288,宮崎県,一ツ瀬川,西都児湯,木城
1289,宮崎県,一ツ瀬川,西都児湯,札之元
1290,宮崎県,一ツ瀬川,西都児湯,矢櫃
1291,宮崎県,一ツ瀬川,西都児湯,石河内
1292,宮崎県,一ツ瀬川,西都児湯,穂北
1293,宮崎県,一ツ瀬川,西都児湯,都農
1294,宮崎県,一ツ瀬川,西都児湯,鵜懐
1295,宮崎県,大淀川,宮崎,-
1296,宮崎県,大淀川,宮崎,内山
1297,宮崎県,大淀川,宮崎,内海
1298,宮崎県,大淀川,宮崎,原
1299,宮崎県,大淀川,宮崎,夏木
1300,宮崎県,大淀川,宮崎,奈佐木
1301,宮崎県,大淀川,宮崎,宮崎
1302,宮崎県,大淀川,宮崎,屋敷
1303,宮崎県,大淀川,宮崎,法ｹ岳
1304,宮崎県,大淀川,宮崎,田代ケ八重
1305,宮崎県,大淀川,宮崎,田野
1306,宮崎県,大淀川,宮崎,竹野
1307,宮崎県,大淀川,宮崎,紙屋
1308,宮崎県,大淀川,宮崎,綾
1309,宮崎県,大淀川,宮崎,野尻
1310,宮崎県,大淀川,宮崎,高岡
1311,宮崎県,大淀川,都城支,えびの
1312,宮崎県,大淀川,都城支,三股
1313,宮崎県,大淀川,都城支,中郷
1314,宮崎県,大淀川,都城支,北小林
1315,宮崎県,大淀川,都城支,四家
1316,宮崎県,大淀川,都城支,山之口
1317,宮崎県,大淀川,都城支,山田
1318,宮崎県,大淀川,都城支,白鳥
1319,宮崎県,大淀川,都城支,真幸
1320,宮崎県,大淀川,都城支,西小林
1321,宮崎県,大淀川,都城支,西岳
1322,宮崎県,大淀川,都城支,青井岳
1323,宮崎県,大淀川,都城支,飯野
1324,宮崎県,大淀川,都城支,高原
1325,宮崎県,大淀川,都城支,高城
1326,宮崎県,大淀川,都城支,高崎
1327,宮崎県,広渡川,宮崎南部,-
1328,宮崎県,広渡川,宮崎南部,串間
1329,宮崎県,広渡川,宮崎南部,伊比井
1330,宮崎県,広渡川,宮崎南部,大束
1331,宮崎県,広渡川,宮崎南部,新村
1332,宮崎県,広渡川,宮崎南部,本城
1333,宮崎県,広渡川,宮崎南部,板谷
1334,宮崎県,広渡川,宮崎南部,田代
1335,宮崎県,広渡川,宮崎南部,郷之原
1336,宮崎県,広渡川,宮崎南部,酒谷
1337,宮崎県,広渡川,宮崎南部,黒荷田
1338,鹿児島県,北薩,北薩,-
1339,鹿児島県,北薩,北薩,入来
1340,鹿児島県,北薩,北薩,出水
1341,鹿児島県,北薩,北薩,前目
1342,鹿児島県,北薩,北薩,大口
1343,鹿児島県,北薩,北薩,大川内
1344,鹿児島県,北薩,北薩,宮之城
1345,鹿児島県,北薩,北薩,山野
1346,鹿児島県,北薩,北薩,川内
1347,鹿児島県,北薩,北薩,本城
1348,鹿児島県,北薩,北薩,米ノ津
1349,鹿児島県,北薩,北薩,羽月
1350,鹿児島県,北薩,北薩,荒平
1351,鹿児島県,北薩,北薩,阿久根
1352,鹿児島県,北薩,北薩,黒木
1353,鹿児島県,姶良,鹿児島,-
1354,鹿児島県,姶良,鹿児島,栗野
1355,鹿児島県,姶良,鹿児島,溝辺
1356,鹿児島県,姶良,鹿児島,牧園
1357,鹿児島県,姶良,鹿児島,霧島
1358,鹿児島県,南薩,鹿児島,吹上
1359,鹿児島県,南薩,鹿児島,知覧
1360,鹿児島県,南薩,鹿児島,谷山
1361,鹿児島県,南薩,鹿児島,郡山
1362,鹿児島県,大隅,大隅,-
1363,鹿児島県,大隅,大隅,内之浦
1364,鹿児島県,大隅,大隅,南方
1365,鹿児島県,大隅,大隅,吾平
1366,鹿児島県,大隅,大隅,垂水
1367,鹿児島県,大隅,大隅,大川原
1368,鹿児島県,大隅,大隅,大根占
1369,鹿児島県,大隅,大隅,岸良
1370,鹿児島県,大隅,大隅,川上
1371,鹿児島県,大隅,大隅,志布志
1372,鹿児島県,大隅,大隅,末吉
1373,鹿児島県,大隅,大隅,根占
1374,鹿児島県,大隅,大隅,田代
1375,鹿児島県,大隅,大隅,財部
1376,鹿児島県,大隅,大隅,辺塚
1377,鹿児島県,大隅,大隅,高山
1378,鹿児島県,大隅,大隅,鹿屋
1379,鹿児島県,熊毛,屋久島,-
1380,鹿児島県,熊毛,屋久島,一湊
1381,鹿児島県,熊毛,屋久島,南種子
1382,鹿児島県,熊毛,屋久島,宮之浦
1383,鹿児島県,熊毛,屋久島,小瀬田
1384,鹿児島県,熊毛,屋久島,春牧
1385,鹿児島県,熊毛,屋久島,栗生
1386,鹿児島県,熊毛,屋久島,船行
1387,鹿児島県,熊毛,屋久島,西之表
1388,鹿児島県,奄美大島,鹿児島,名瀬
1389,鹿児島県,奄美大島,鹿児島,天城
1390,鹿児島県,奄美大島,鹿児島,宇検
1391,鹿児島県,奄美大島,鹿児島,徳之島
1392,沖縄県,沖縄北部,沖縄,安波
1393,沖縄県,沖縄北部,沖縄,高江
1394,沖縄県,沖縄中南部,沖縄,高江
1395,沖縄県,宮古八重山,沖縄,大原
1396,沖縄県,宮古八重山,沖縄,租納
